model,window,stride,n_windows,target,seed,MAPE,MAE,base_MAPE
XGBoost,48,12,213,Poly_ER,0,69.46190864880694,1511.8017578125,62.85043766630266
XGBoost,48,12,213,Remain_PR,0,6.723153350973282,0.1397546927134196,6.223858247338763
LSTM,48,12,213,Poly_ER,0,21.9589282437143,720.2652791341146,62.85043766630266
LSTM,48,12,213,Poly_ER,1,21.280629495345753,710.2497762044271,62.85043766630266
LSTM,48,12,213,Poly_ER,2,21.000714107278952,704.5095621744791,62.85043766630266
LSTM,48,12,213,Poly_ER,3,20.609671670870608,698.2224731445312,62.85043766630266
LSTM,48,12,213,Poly_ER,4,20.690574849513908,699.6816609700521,62.85043766630266
LSTM,48,12,213,Remain_PR,0,3.6870954648099983,0.07392795880635579,6.223858247338763
LSTM,48,12,213,Remain_PR,1,3.675101455558326,0.07368854681650798,6.223858247338763
LSTM,48,12,213,Remain_PR,2,3.566943831761995,0.07132712999979655,6.223858247338763
LSTM,48,12,213,Remain_PR,3,3.5164299742061997,0.07022603352864583,6.223858247338763
LSTM,48,12,213,Remain_PR,4,3.528225045389525,0.07047800223032634,6.223858247338763
PatchTST,48,12,213,Poly_ER,0,40.946065999509756,1040.1527303059895,62.85043766630266
PatchTST,48,12,213,Poly_ER,1,41.04675372540463,1041.1747639973958,62.85043766630266
PatchTST,48,12,213,Poly_ER,2,47.525006583580925,1148.108174641927,62.85043766630266
PatchTST,48,12,213,Poly_ER,3,40.029132089504785,1026.734842936198,62.85043766630266
PatchTST,48,12,213,Poly_ER,4,43.034928882785124,1073.5370686848958,62.85043766630266
PatchTST,48,12,213,Remain_PR,0,4.903632528728887,0.10029808680216472,6.223858247338763
PatchTST,48,12,213,Remain_PR,1,4.777900430319062,0.09758607546488444,6.223858247338763
PatchTST,48,12,213,Remain_PR,2,4.981354928619104,0.10201072692871094,6.223858247338763
PatchTST,48,12,213,Remain_PR,3,4.869102595143627,0.09956618150075276,6.223858247338763
PatchTST,48,12,213,Remain_PR,4,4.9985168894845975,0.10237467288970947,6.223858247338763
XGBoost,64,16,154,Poly_ER,0,58.281343419136014,1332.2314860026042,62.535572453929035
XGBoost,64,16,154,Remain_PR,0,5.958928908853428,0.12323298056920369,6.20271429681628
LSTM,64,16,154,Poly_ER,0,22.376520221392635,728.4977823893229,62.535572453929035
LSTM,64,16,154,Poly_ER,1,22.51055683399987,730.7685953776041,62.535572453929035
LSTM,64,16,154,Poly_ER,2,22.73802800103493,740.6141560872396,62.535572453929035
LSTM,64,16,154,Poly_ER,3,21.116052184804346,710.2314046223959,62.535572453929035
LSTM,64,16,154,Poly_ER,4,22.0246715045315,722.7895711263021,62.535572453929035
LSTM,64,16,154,Remain_PR,0,3.526883314894095,0.07047514120737712,6.20271429681628
LSTM,64,16,154,Remain_PR,1,3.4937374750147208,0.06981635093688965,6.20271429681628
LSTM,64,16,154,Remain_PR,2,3.572872717510721,0.07157301902770996,6.20271429681628
LSTM,64,16,154,Remain_PR,3,3.437407859037187,0.06856779257456462,6.20271429681628
LSTM,64,16,154,Remain_PR,4,3.48100598588365,0.06947394212086995,6.20271429681628
PatchTST,64,16,154,Poly_ER,0,38.60779727738641,1004.5428466796875,62.535572453929035
PatchTST,64,16,154,Poly_ER,1,51.161802309955476,1207.4735107421875,62.535572453929035
PatchTST,64,16,154,Poly_ER,2,45.044505811995144,1105.2277425130208,62.535572453929035
PatchTST,64,16,154,Poly_ER,3,44.1042730114503,1088.64208984375,62.535572453929035
PatchTST,64,16,154,Poly_ER,4,45.39944498089986,1114.4249674479167,62.535572453929035
PatchTST,64,16,154,Remain_PR,0,5.225162996745886,0.10729559262593587,6.20271429681628
PatchTST,64,16,154,Remain_PR,1,4.92848372197082,0.10087060928344727,6.20271429681628
PatchTST,64,16,154,Remain_PR,2,4.999240617389489,0.10239644845326741,6.20271429681628
PatchTST,64,16,154,Remain_PR,3,5.154711604038561,0.10575767358144124,6.20271429681628
PatchTST,64,16,154,Remain_PR,4,4.919718795272356,0.1006696621576945,6.20271429681628
XGBoost,96,24,96,Poly_ER,0,57.56615598036446,1314.1554361979167,63.240055076428305
XGBoost,96,24,96,Remain_PR,0,5.914083777763823,0.12222611904144287,6.25259228497977
LSTM,96,24,96,Poly_ER,0,22.664000230268325,731.0264485677084,63.240055076428305
LSTM,96,24,96,Poly_ER,1,21.529234112967913,713.2057698567709,63.240055076428305
LSTM,96,24,96,Poly_ER,2,20.41707518179695,693.759033203125,63.240055076428305
LSTM,96,24,96,Poly_ER,3,22.616528669668533,730.7060953776041,63.240055076428305
LSTM,96,24,96,Poly_ER,4,51.14224692621158,1211.9647623697917,63.240055076428305
LSTM,96,24,96,Remain_PR,0,3.6213416217165486,0.07249693075815837,6.25259228497977
LSTM,96,24,96,Remain_PR,1,3.99526861753246,0.08061794439951579,6.25259228497977
LSTM,96,24,96,Remain_PR,2,3.567951662739182,0.07133253415425618,6.25259228497977
LSTM,96,24,96,Remain_PR,3,3.620405870839765,0.07245596249898274,6.25259228497977
LSTM,96,24,96,Remain_PR,4,3.613674700023748,0.07231573263804118,6.25259228497977
PatchTST,96,24,96,Poly_ER,0,51.11162303343092,1211.0710856119792,63.240055076428305
PatchTST,96,24,96,Poly_ER,1,49.154314035285985,1178.4843343098958,63.240055076428305
PatchTST,96,24,96,Poly_ER,2,46.31091443257613,1130.6047770182292,63.240055076428305
PatchTST,96,24,96,Poly_ER,3,48.35958590033937,1162.5694580078125,63.240055076428305
PatchTST,96,24,96,Poly_ER,4,51.62403114399018,1215.301778157552,63.240055076428305
PatchTST,96,24,96,Remain_PR,0,5.43480311371869,0.11185201009114583,6.25259228497977
PatchTST,96,24,96,Remain_PR,1,5.33017232764982,0.10960447788238525,6.25259228497977
PatchTST,96,24,96,Remain_PR,2,5.284699532449452,0.10862135887145996,6.25259228497977
PatchTST,96,24,96,Remain_PR,3,5.086576669392049,0.10430864493052165,6.25259228497977
PatchTST,96,24,96,Remain_PR,4,5.468847348189861,0.1126020352045695,6.25259228497977
XGBoost,128,32,67,Poly_ER,0,66.99899834669084,1470.5675659179688,63.055331776231895
XGBoost,128,32,67,Remain_PR,0,6.5460191053182015,0.13591641187667847,6.243690686271433
LSTM,128,32,67,Poly_ER,0,51.73352991671997,1222.8763020833333,63.055331776231895
LSTM,128,32,67,Poly_ER,1,55.20389262739194,1281.7432861328125,63.055331776231895
LSTM,128,32,67,Poly_ER,2,54.08635550773045,1263.8271077473958,63.055331776231895
LSTM,128,32,67,Poly_ER,3,55.87762884691798,1294.672342936198,63.055331776231895
LSTM,128,32,67,Poly_ER,4,51.232084035936346,1215.3561604817708,63.055331776231895
LSTM,128,32,67,Remain_PR,0,5.789500246049887,0.11955130100250244,6.243690686271433
LSTM,128,32,67,Remain_PR,1,5.617404353944336,0.11582656701405843,6.243690686271433
LSTM,128,32,67,Remain_PR,2,5.7821674074901335,0.11939815680185954,6.243690686271433
LSTM,128,32,67,Remain_PR,3,5.732980202983993,0.11833345890045166,6.243690686271433
LSTM,128,32,67,Remain_PR,4,5.796125777065056,0.11970325311024983,6.243690686271433
PatchTST,128,32,67,Poly_ER,0,47.081813906758654,1142.9042358398438,63.055331776231895
PatchTST,128,32,67,Poly_ER,1,47.905947579731304,1156.114034016927,63.055331776231895
PatchTST,128,32,67,Poly_ER,2,51.47497792327261,1215.4087320963542,63.055331776231895
PatchTST,128,32,67,Poly_ER,3,54.85088122105921,1267.9356486002605,63.055331776231895
PatchTST,128,32,67,Poly_ER,4,46.1728937318993,1132.1046346028645,63.055331776231895
PatchTST,128,32,67,Remain_PR,0,5.217164250957153,0.10715214411417644,6.243690686271433
PatchTST,128,32,67,Remain_PR,1,5.354032340043893,0.11010289192199707,6.243690686271433
PatchTST,128,32,67,Remain_PR,2,5.473126029521494,0.1126854419708252,6.243690686271433
PatchTST,128,32,67,Remain_PR,3,5.3255723445530485,0.10945149262746175,6.243690686271433
PatchTST,128,32,67,Remain_PR,4,5.267786520601767,0.10824652512868245,6.243690686271433
XGBoost,192,48,37,Poly_ER,0,61.508541172133505,1386.3601684570312,65.40584382588325
XGBoost,192,48,37,Remain_PR,0,6.156327248038105,0.12752938270568848,6.413686538681264
LSTM,192,48,37,Poly_ER,0,60.32232076174729,1363.6151123046875,65.40584382588325
LSTM,192,48,37,Poly_ER,1,58.31914901831453,1332.51318359375,65.40584382588325
LSTM,192,48,37,Poly_ER,2,56.799386724179115,1308.2508951822917,65.40584382588325
LSTM,192,48,37,Poly_ER,3,57.275756117268585,1317.0503540039062,65.40584382588325
LSTM,192,48,37,Poly_ER,4,56.029801878582695,1295.8705444335938,65.40584382588325
LSTM,192,48,37,Remain_PR,0,5.87429575342627,0.1214066743850708,6.413686538681264
LSTM,192,48,37,Remain_PR,1,5.900182283842601,0.12196938196818034,6.413686538681264
LSTM,192,48,37,Remain_PR,2,5.890970887533359,0.12175615628560384,6.413686538681264
LSTM,192,48,37,Remain_PR,3,5.870637347206299,0.1213243802388509,6.413686538681264
LSTM,192,48,37,Remain_PR,4,5.89266710559628,0.12180137634277344,6.413686538681264
PatchTST,192,48,37,Poly_ER,0,61.852099194940216,1385.9097493489583,65.40584382588325
PatchTST,192,48,37,Poly_ER,1,45.431800680029816,1118.2728678385417,65.40584382588325
PatchTST,192,48,37,Poly_ER,2,55.06897936085756,1276.690165201823,65.40584382588325
PatchTST,192,48,37,Poly_ER,3,52.996848462440916,1239.4810587565105,65.40584382588325
PatchTST,192,48,37,Poly_ER,4,48.01670687610122,1159.4727986653645,65.40584382588325
PatchTST,192,48,37,Remain_PR,0,5.524267190752069,0.11381443341573079,6.413686538681264
PatchTST,192,48,37,Remain_PR,1,5.617388624841285,0.11580510934193929,6.413686538681264
PatchTST,192,48,37,Remain_PR,2,5.525232384507641,0.11384312311808269,6.413686538681264
PatchTST,192,48,37,Remain_PR,3,5.537363151994232,0.11405809720357259,6.413686538681264
PatchTST,192,48,37,Remain_PR,4,5.662181852384433,0.11678985754648845,6.413686538681264
XGBoost,256,64,22,Poly_ER,0,43.836765978750044,1080.6670939127605,65.2165725974671
XGBoost,256,64,22,Remain_PR,0,4.9715670221716195,0.10176356633504231,6.407331475993569
LSTM,256,64,22,Poly_ER,0,53.73689550623789,1254.3541870117188,65.2165725974671
LSTM,256,64,22,Poly_ER,1,58.87324521781353,1340.7770385742188,65.2165725974671
LSTM,256,64,22,Poly_ER,2,52.95517079700899,1245.371073404948,65.2165725974671
LSTM,256,64,22,Poly_ER,3,54.8987749271045,1278.5327962239583,65.2165725974671
LSTM,256,64,22,Poly_ER,4,52.987617713305525,1245.460428873698,65.2165725974671
LSTM,256,64,22,Remain_PR,0,5.314512511324035,0.10926612218221028,6.407331475993569
LSTM,256,64,22,Remain_PR,1,5.565426181401068,0.11471796035766602,6.407331475993569
LSTM,256,64,22,Remain_PR,2,5.631624301283155,0.11616937319437663,6.407331475993569
LSTM,256,64,22,Remain_PR,3,5.8738864573446135,0.12137869993845622,6.407331475993569
LSTM,256,64,22,Remain_PR,4,5.917084015399379,0.12235653400421143,6.407331475993569
PatchTST,256,64,22,Poly_ER,0,50.89953083413121,1203.4443359375,65.2165725974671
PatchTST,256,64,22,Poly_ER,1,50.94148365929483,1207.113789876302,65.2165725974671
PatchTST,256,64,22,Poly_ER,2,46.646528750887946,1138.4760335286458,65.2165725974671
PatchTST,256,64,22,Poly_ER,3,42.93192914639414,1075.107645670573,65.2165725974671
PatchTST,256,64,22,Poly_ER,4,49.968161836112884,1193.7748006184895,65.2165725974671
PatchTST,256,64,22,Remain_PR,0,5.1782224037139555,0.1062850554784139,6.407331475993569
PatchTST,256,64,22,Remain_PR,1,5.670727010156139,0.11694121360778809,6.407331475993569
PatchTST,256,64,22,Remain_PR,2,5.386831369843762,0.11085132757822673,6.407331475993569
PatchTST,256,64,22,Remain_PR,3,5.434134730224627,0.11182812849680583,6.407331475993569
PatchTST,256,64,22,Remain_PR,4,5.520764594447827,0.1137024958928426,6.407331475993569
