prep,model,target,n_features,run_MAE,run_MAPE,base_MAE,base_MAPE,win_MAE,win_R2,improve_vs_base_%
A,RandomForest,Poly_ER,27,1725.2083333333333,82.81480429197812,1429.0633834239716,64.70153608445368,1543.328537735849,-1.8600648607381465,-20.723010143875616
A,RandomForest,Poly_Depth,27,230.02777777777774,82.8148042919781,190.54178445652954,64.70153608445369,205.77713836477983,-1.8600648607381474,-20.7230101438756
A,RandomForest,Remain_PR,27,0.15763333333332893,7.542335800400117,0.1320260854635329,6.365687548927608,0.14202830188678886,-1.6403910724666972,-19.395597301768863
A,XGBoost,Poly_ER,27,1207.3367919921875,50.55042245999088,1429.0633834239716,64.70153608445368,1282.173083035451,-1.2203354853378294,15.515518346046845
A,XGBoost,Poly_Depth,27,160.97752888997397,50.550071458699094,190.54178445652954,64.70153608445369,170.95575267863723,-1.2203309913367542,15.515890989936857
A,XGBoost,Remain_PR,27,0.10798672040303552,5.2465922394228555,0.1320260854635329,6.365687548927608,0.11960616201724644,-1.0889526973180366,18.20804197602096
A,LightGBM,Poly_ER,27,1675.2518552479212,79.72622364247634,1429.0633834239716,64.70153608445368,1569.0478512164977,-1.9816001117643127,-17.227260503595936
A,LightGBM,Poly_Depth,27,223.3669140818512,79.7262236631283,190.54178445652954,64.70153608445369,209.20638024939316,-1.9816001127563068,-17.227260529204518
A,LightGBM,Remain_PR,27,0.15237420398756404,7.300098687389296,0.1320260854635329,6.365687548927608,0.14609930303474228,-1.7990266634053986,-15.41219559194727
A+B,RandomForest,Poly_ER,29,1733.2291666666667,83.29011293395342,1429.0633834239716,64.70153608445368,1548.2686320754717,-1.870572278978825,-21.284275195263042
A+B,RandomForest,Poly_Depth,29,231.0972222222222,83.29011293395342,190.54178445652954,64.70153608445369,206.43581761006286,-1.8705722789788264,-21.284275195263028
A+B,RandomForest,Remain_PR,29,0.1568333333333293,7.505469440953129,0.1320260854635329,6.365687548927608,0.14169402515722954,-1.6316528707275215,-18.789656440013477
A+B,XGBoost,Poly_ER,29,1133.9180908203125,45.93272025454705,1429.0633834239716,64.70153608445368,1244.903837383918,-1.168846002737641,20.65305822170772
A+B,XGBoost,Poly_Depth,29,151.18856811523438,45.93282309152382,190.54178445652954,64.70153608445369,165.98669807865934,-1.168825190429688,20.65332622633922
A+B,XGBoost,Remain_PR,29,0.10106153488159182,4.926288214710283,0.1320260854635329,6.365687548927608,0.11634364667928442,-1.0585629789559943,23.45335807937276
A+B,LightGBM,Poly_ER,29,1677.881305131846,79.87886905002043,1429.0633834239716,64.70153608445368,1575.3925187648576,-2.000105513182104,-17.411258632330064
A+B,LightGBM,Poly_Depth,29,223.71750759834367,79.87886916273972,190.54178445652954,64.70153608445369,210.05233600138635,-2.000105516260989,-17.411258762186563
A+B,LightGBM,Remain_PR,29,0.15257828059014367,7.309441450299377,0.1320260854635329,6.365687548927608,0.1466327179000344,-1.8153845710374088,-15.56676853248635
A+B+C,RandomForest,Poly_ER,151,1938.925,95.64397225606271,1429.0633834239716,64.70153608445368,1868.6150943396228,-2.8257471880108795,-35.678026775441054
A+B+C,RandomForest,Poly_Depth,151,258.5233333333333,95.64397225606271,190.54178445652954,64.70153608445369,249.148679245283,-2.825747188010881,-35.67802677544105
A+B+C,RandomForest,Remain_PR,151,0.1768444444444394,8.429937495797478,0.1320260854635329,6.365687548927608,0.17209559748427225,-2.671428713993687,-33.946593829206456
A+B+C,XGBoost,Poly_ER,151,1418.6929524739583,62.9017613239269,1429.0633834239716,64.70153608445368,1671.6837814618957,-2.3045383080793407,0.7256802651514469
A+B+C,XGBoost,Poly_Depth,151,189.1585693359375,62.90156817024209,190.54178445652954,64.70153608445369,222.8907896797612,-2.304528737761342,0.72593794822343
A+B+C,XGBoost,Remain_PR,151,0.1258511066436768,6.068661556688213,0.1320260854635329,6.365687548927608,0.15323927942311988,-2.1788412324214486,4.677089984283217
A+B+C,LightGBM,Poly_ER,151,1751.438609421352,84.4269893972187,1429.0633834239716,64.70153608445368,1590.1659729078438,-2.1266942221679526,-22.55849738623797
A+B+C,LightGBM,Poly_Depth,151,233.52514797454327,84.4269894183615,190.54178445652954,64.70153608445369,212.02212982739317,-2.1266942243465867,-22.5584974133692
A+B+C,LightGBM,Remain_PR,151,0.15963007042066427,7.6358433928452305,0.1320260854635329,6.365687548927608,0.14838865143987703,-1.9440717455779088,-20.907978041018193
A+B+C+D,RandomForest,Poly_ER,159,1951.0333333333335,96.35422092504344,1429.0633834239716,64.70153608445368,1882.1688679245283,-2.8748051004218618,-36.525318328340724
A+B+C+D,RandomForest,Poly_Depth,159,260.1377777777778,96.35422092504344,190.54178445652954,64.70153608445369,250.95584905660374,-2.8748051004218627,-36.52531832834072
A+B+C+D,RandomForest,Remain_PR,159,0.1774888888888837,8.459819650679627,0.1320260854635329,6.365687548927608,0.17247861635219686,-2.6832262355571306,-34.43471285673175
A+B+C+D,XGBoost,Poly_ER,159,1495.460693359375,67.45241242131863,1429.0633834239716,64.70153608445368,1779.2061917286999,-2.7256246559567026,-4.646211687008483
A+B+C+D,XGBoost,Poly_Depth,159,199.3942413330078,67.45225068864244,190.54178445652954,64.70153608445369,237.22712477198186,-2.7256128234240484,-4.645939945260606
A+B+C+D,XGBoost,Remain_PR,159,0.13235977490743003,6.36841530581531,0.1320260854635329,6.365687548927608,0.16251628353910627,-2.578885494898902,-0.25274508649225097
A+B+C+D,LightGBM,Poly_ER,159,1766.5991281746064,85.38895165673675,1429.0633834239716,64.70153608445368,1584.0024154986259,-2.1307381668045897,-23.619368368526413
A+B+C+D,LightGBM,Poly_Depth,159,235.54655058027456,85.38895172628216,190.54178445652954,64.70153608445369,211.20032228520043,-2.13073817109888,-23.61936845091973
A+B+C+D,LightGBM,Remain_PR,159,0.16111073003163545,7.70441907994842,0.1320260854635329,6.365687548927608,0.1479123287416847,-1.9454957445295205,-22.029468241816552
A+B+C+D+E,RandomForest,Poly_ER,159,2014.7083333333333,100.38480961557686,1429.0633834239716,64.70153608445368,1982.5445754716984,-3.2756593243017704,-40.981033920705656
A+B+C+D+E,RandomForest,Poly_Depth,159,268.62777777777774,100.38480961557686,190.54178445652954,64.70153608445369,264.3392767295598,-3.2756593243017713,-40.98103392070564
A+B+C+D+E,RandomForest,Remain_PR,159,0.18487777777777178,8.80555426254323,0.1320260854635329,6.365687548927608,0.18443018867923977,-3.171628507433078,-40.03124998266887
A+B+C+D+E,XGBoost,Poly_ER,159,2027.1852620442708,100.79699417780526,1429.0633834239716,64.70153608445368,2006.0742049307194,-3.3692170841084508,-41.854118267814414
A+B+C+D+E,XGBoost,Poly_Depth,159,270.2915954589844,100.79708878266382,190.54178445652954,64.70153608445369,267.4767405671893,-3.3692229370836166,-41.854237499622585
A+B+C+D+E,XGBoost,Remain_PR,159,0.18361825942993168,8.741322516152044,0.1320260854635329,6.365687548927608,0.1844571536442019,-3.159541380803277,-39.07725794130973
A+B+C+D+E,LightGBM,Poly_ER,159,1854.7308136782576,90.95408511237079,1429.0633834239716,64.70153608445368,1721.6127756101503,-2.467348802667451,-29.78646260142822
A+B+C+D+E,LightGBM,Poly_Depth,159,247.29744180776842,90.95408510633376,190.54178445652954,64.70153608445369,229.54837000321552,-2.467348801828534,-29.786462593031498
A+B+C+D+E,LightGBM,Remain_PR,159,0.1707993069645403,8.15566208991963,0.1320260854635329,6.365687548927608,0.1618867531399354,-2.3780170018959086,-29.367849061704554
A+B(only),RandomForest,Poly_ER,29,1733.2291666666667,83.29011293395342,1429.0633834239716,64.70153608445368,1548.2686320754717,-1.870572278978825,-21.284275195263042
A+B(only),RandomForest,Poly_Depth,29,231.0972222222222,83.29011293395342,190.54178445652954,64.70153608445369,206.43581761006286,-1.8705722789788264,-21.284275195263028
A+B(only),RandomForest,Remain_PR,29,0.1568333333333293,7.505469440953129,0.1320260854635329,6.365687548927608,0.14169402515722962,-1.6316528707275229,-18.789656440013477
A+B(only),XGBoost,Poly_ER,29,1133.9180908203125,45.93272025454705,1429.0633834239716,64.70153608445368,1244.903837383918,-1.168846002737641,20.65305822170772
A+B(only),XGBoost,Poly_Depth,29,151.18856811523438,45.93282309152382,190.54178445652954,64.70153608445369,165.98669807865934,-1.168825190429688,20.65332622633922
A+B(only),XGBoost,Remain_PR,29,0.10106153488159182,4.926288214710283,0.1320260854635329,6.365687548927608,0.11634364667928442,-1.0585629789559943,23.45335807937276
A+B(only),LightGBM,Poly_ER,29,1677.881305131846,79.87886905002043,1429.0633834239716,64.70153608445368,1575.3925187648576,-2.000105513182104,-17.411258632330064
A+B(only),LightGBM,Poly_Depth,29,223.71750759834367,79.87886916273972,190.54178445652954,64.70153608445369,210.05233600138635,-2.000105516260989,-17.411258762186563
A+B(only),LightGBM,Remain_PR,29,0.15257828059014367,7.309441450299377,0.1320260854635329,6.365687548927608,0.1466327179000344,-1.8153845710374088,-15.56676853248635
A+C(only),RandomForest,Poly_ER,149,1963.1416666666667,97.05102930083882,1429.0633834239716,64.70153608445368,1890.2393867924525,-2.9107126724284114,-37.372609881240365
A+C(only),RandomForest,Poly_Depth,149,261.7522222222222,97.0510293008388,190.54178445652954,64.70153608445369,252.03191823899368,-2.9107126724284123,-37.37260988124035
A+C(only),RandomForest,Remain_PR,149,0.17862222222221727,8.511752186483141,0.1320260854635329,6.365687548927608,0.17383616352200826,-2.7489833350730133,-35.29312907755245
A+C(only),XGBoost,Poly_ER,149,1423.9907633463542,63.29096798482796,1429.0633834239716,64.70153608445368,1649.9969183004127,-2.208798638843534,0.3549611680248612
A+C(only),XGBoost,Poly_Depth,149,189.86363728841147,63.2902859120151,190.54178445652954,64.70153608445369,219.9987624546267,-2.2087729668822096,0.35590470093072246
A+C(only),XGBoost,Remain_PR,149,0.12641218503316246,6.094949658311238,0.1320260854635329,6.365687548927608,0.15142886256271937,-2.085278357526284,4.252114580736442
A+C(only),LightGBM,Poly_ER,149,1769.6455003461626,85.58793741126189,1429.0633834239716,64.70153608445368,1594.8718901104176,-2.1567076370202054,-23.832541010614353
A+C(only),LightGBM,Poly_Depth,149,235.9527332536868,85.5879373556914,190.54178445652954,64.70153608445369,212.649585207403,-2.1567076337803246,-23.832540944591276
A+C(only),LightGBM,Remain_PR,149,0.161444062237354,7.719934683628825,0.1320260854635329,6.365687548927608,0.14889494252590796,-1.97218279145015,-22.281942746796567
A+D(only),RandomForest,Poly_ER,35,1738.9583333333333,83.62961910679293,1429.0633834239716,64.70153608445368,1558.489150943396,-1.895020172227845,-21.6851788033969
A+D(only),RandomForest,Poly_Depth,35,231.8611111111111,83.62961910679293,190.54178445652954,64.70153608445369,207.79855345911952,-1.8950201722278464,-21.685178803396894
A+D(only),RandomForest,Remain_PR,35,0.15793333333332912,7.556160685192752,0.1320260854635329,6.365687548927608,0.14260911949685204,-1.6577694806311114,-19.62282512492738
A+D(only),XGBoost,Poly_ER,35,1292.6780598958333,55.68599715301216,1429.0633834239716,64.70153608445368,1374.314233168116,-1.3989119494451305,9.543686103086989
A+D(only),XGBoost,Poly_Depth,35,172.35785929361978,55.68634716521309,190.54178445652954,64.70153608445369,183.24241321491746,-1.398919899494064,9.54327430845399
A+D(only),XGBoost,Remain_PR,35,0.11530609130859377,5.584001778635141,0.1320260854635329,6.365687548927608,0.12745700354846018,-1.2618904548802226,12.664159583491832
A+D(only),LightGBM,Poly_ER,35,1595.3015988721647,74.793123412856,1429.0633834239716,64.70153608445368,1546.5145546226258,-1.8663748884465852,-11.632669157745395
A+D(only),LightGBM,Poly_Depth,35,212.70687973453337,74.79312335815956,190.54178445652954,64.70153608445369,206.20194057130814,-1.8663748872015264,-11.632669097344687
A+D(only),LightGBM,Remain_PR,35,0.14489997368695487,6.95457955366149,0.1320260854635329,6.365687548927608,0.1438719607076322,-1.6904138303041032,-9.751018655308
A+E(only),RandomForest,Poly_ER,27,1970.4166666666667,97.34566848950897,1429.0633834239716,64.70153608445368,1915.9787735849056,-3.0136151665884556,-37.88168457200527
A+E(only),RandomForest,Poly_Depth,27,262.72222222222223,97.34566848950898,190.54178445652954,64.70153608445369,255.4638364779874,-3.0136151665884565,-37.88168457200527
A+E(only),RandomForest,Remain_PR,27,0.1801333333333286,8.579202159847107,0.1320260854635329,6.365687548927608,0.1776635220125743,-2.865355798701392,-36.43768403864664
A+E(only),XGBoost,Poly_ER,27,2003.1805419921875,99.23741725317282,1429.0633834239716,64.70153608445368,1889.0091644862912,-2.9588666118393427,-40.174366317654645
A+E(only),XGBoost,Poly_Depth,27,267.08498128255206,99.23488457923058,190.54178445652954,64.70153608445369,251.8631266467976,-2.958709838648656,-40.171344592128136
A+E(only),XGBoost,Remain_PR,27,0.18049485683441166,8.5959902479741,0.1320260854635329,6.365687548927608,0.17354476676796968,-2.735724299608211,-36.71151136588564
A+E(only),LightGBM,Poly_ER,27,1726.21292360648,82.85785031559895,1429.0633834239716,64.70153608445368,1679.0731161203298,-2.3014708575896825,-20.793307254892465
A+E(only),LightGBM,Poly_Depth,27,230.1617230115927,82.85785025602537,190.54178445652954,64.70153608445369,223.876415350386,-2.3014708548823073,-20.793307183549604
A+E(only),LightGBM,Remain_PR,27,0.15685843234430474,7.506736413219298,0.1320260854635329,6.365687548927608,0.15565613210281654,-2.1059934466198635,-18.80866708543807
